,insta_id,profile_urls
0,@lilireinhart,https://www.instagram.com/lilireinhart
1,@complex,https://www.instagram.com/complex
2,@officialtomellis,https://www.instagram.com/officialtomellis
3,@troyesivan,https://www.instagram.com/troyesivan
4,@dixiedamelio,https://www.instagram.com/dixiedamelio
5,@channingtatum,https://www.instagram.com/channingtatum
6,@justjared,https://www.instagram.com/justjared
7,@dojacat,https://www.instagram.com/dojacat
8,@djkhaled,https://www.instagram.com/djkhaled
9,@kyliejenner,https://www.instagram.com/kyliejenner
10,@nattyiceofficial,https://www.instagram.com/nattyiceofficial
11,@wigsandtea,https://www.instagram.com/wigsandtea
12,@mtv,https://www.instagram.com/mtv
13,@shawnmendes,https://www.instagram.com/shawnmendes
14,@benaffleck,https://www.instagram.com/benaffleck
15,@kyliejenner,https://www.instagram.com/kyliejenner
16,@troyesivan,https://www.instagram.com/troyesivan
17,@channingtatum,https://www.instagram.com/channingtatum
18,@dixiedamelio,https://www.instagram.com/dixiedamelio
19,@justjared,https://www.instagram.com/justjared
20,@dojacat,https://www.instagram.com/dojacat
21,@djkhaled,https://www.instagram.com/djkhaled
22,@kbstafford89,https://www.instagram.com/kbstafford89
23,@chloeandchenelle,https://www.instagram.com/chloeandchenelle
24,@shangchi,https://www.instagram.com/shangchi
25,@lupitanyongo,https://www.instagram.com/lupitanyongo
26,@louisvuitton,https://www.instagram.com/louisvuitton
27,@keke,https://www.instagram.com/keke
28,@blobbynfriends,https://www.instagram.com/blobbynfriends
29,@justlikethatmax,https://www.instagram.com/justlikethatmax
30,@jimmyfallon,https://www.instagram.com/jimmyfallon
31,@ellenmint_,https://www.instagram.com/ellenmint_
32,@tessamaethompson,https://www.instagram.com/tessamaethompson
33,@the_real_iman,https://www.instagram.com/the_real_iman
34,@oliviawilde,https://www.instagram.com/oliviawilde
35,@chloexhalle,https://www.instagram.com/chloexhalle
36,@sza,https://www.instagram.com/sza
37,@finnwolfhardofficial,https://www.instagram.com/finnwolfhardofficial
38,@haileybieber,https://www.instagram.com/haileybieber
39,@theweeknd,https://www.instagram.com/theweeknd
40,@rickandmorty,https://www.instagram.com/rickandmorty
41,@vindiesel,https://www.instagram.com/vindiesel
42,@addisonraee,https://www.instagram.com/addisonraee
43,@charlidamelio,https://www.instagram.com/charlidamelio
44,@stephencurry30,https://www.instagram.com/stephencurry30
45,@gigihadid,https://www.instagram.com/gigihadid
46,@bumbleandbumble,https://www.instagram.com/bumbleandbumble
47,@quarterjade,https://www.instagram.com/quarterjade
48,@nas,https://www.instagram.com/nas
49,@peggyandmolly,https://www.instagram.com/peggyandmolly
50,@djokernole,https://www.instagram.com/djokernole
51,@venuswilliams,https://www.instagram.com/venuswilliams
52,@bnans,https://www.instagram.com/bnans
53,@vamuseum,https://www.instagram.com/vamuseum
54,@and.bloom,https://www.instagram.com/and.bloom
55,@justinbieber,https://www.instagram.com/justinbieber
56,@kourtneykardash,https://www.instagram.com/kourtneykardash
57,@t22felton,https://www.instagram.com/t22felton
58,@oliviamunn,https://www.instagram.com/oliviamunn
59,@inezandvinoodh,https://www.instagram.com/inezandvinoodh
60,@stylebyand,https://www.instagram.com/stylebyand
61,@piperrockelle,https://www.instagram.com/piperrockelle
62,@caratsandcake,https://www.instagram.com/caratsandcake
63,@kateandlauramulleavy,https://www.instagram.com/kateandlauramulleavy
64,@iamhalsey,https://www.instagram.com/iamhalsey
65,@katebeckinsale,https://www.instagram.com/katebeckinsale
66,@daviddobrik,https://www.instagram.com/daviddobrik
67,@amybethmcnulty,https://www.instagram.com/amybethmcnulty
68,@ncentineo,https://www.instagram.com/ncentineo
69,@artem_odnovol,https://www.instagram.com/artem_odnovol
70,@katebeckinsale,https://www.instagram.com/katebeckinsale
71,@karliekloss,https://www.instagram.com/karliekloss
72,@landonorris,https://www.instagram.com/landonorris
73,@aliciakeys,https://www.instagram.com/aliciakeys
74,@piperrockelle,https://www.instagram.com/piperrockelle
75,@daviddobrik,https://www.instagram.com/daviddobrik
76,@lilyrose_depp,https://www.instagram.com/lilyrose_depp
77,@hoskelsa,https://www.instagram.com/hoskelsa
78,@foodandwine,https://www.instagram.com/foodandwine
79,@kerenswan,https://www.instagram.com/kerenswan
80,@war.and.peas,https://www.instagram.com/war.and.peas
81,@madonna,https://www.instagram.com/madonna
82,@landonorris,https://www.instagram.com/landonorris
83,@sommerray,https://www.instagram.com/sommerray
84,@rodthekicker3,https://www.instagram.com/rodthekicker3
85,@charlizeafrica,https://www.instagram.com/charlizeafrica
86,@teganandsara,https://www.instagram.com/teganandsara
87,@ragandbone,https://www.instagram.com/ragandbone
88,@jessicabatten_,https://www.instagram.com/jessicabatten_
89,@ciara,https://www.instagram.com/ciara
90,@theprettymess,https://www.instagram.com/theprettymess
91,@josephparkmd,https://www.instagram.com/josephparkmd
92,@amandascgorman,https://www.instagram.com/amandascgorman
93,@taylorswift,https://www.instagram.com/taylorswift
94,@alisha,https://www.instagram.com/alisha
95,@cookieandkate,https://www.instagram.com/cookieandkate
96,@lorenbrovarnik,https://www.instagram.com/lorenbrovarnik
97,@thekatiethurston,https://www.instagram.com/thekatiethurston
98,@betterhomesandgardens,https://www.instagram.com/betterhomesandgardens
99,@tommyinnitt,https://www.instagram.com/tommyinnitt
100,@corinnakopf,https://www.instagram.com/corinnakopf
101,@luluandgeorgia,https://www.instagram.com/luluandgeorgia
102,@vinniehacker,https://www.instagram.com/vinniehacker
103,@teyanataylor,https://www.instagram.com/teyanataylor
104,@justlikethatcloset,https://www.instagram.com/justlikethatcloset
105,@janieandjack,https://www.instagram.com/janieandjack
106,@niallhoran,https://www.instagram.com/niallhoran
107,@aliciakeys,https://www.instagram.com/aliciakeys
108,@arianagrande,https://www.instagram.com/arianagrande
109,@travisscott,https://www.instagram.com/travisscott
110,@lizandmollie,https://www.instagram.com/lizandmollie
111,@brendanmorais,https://www.instagram.com/brendanmorais
112,@ofmonstersandmen,https://www.instagram.com/ofmonstersandmen
113,@fameandpartners,https://www.instagram.com/fameandpartners
114,@sydney_sweeney,https://www.instagram.com/sydney_sweeney
115,@cameronreidhamilton,https://www.instagram.com/cameronreidhamilton
116,@davidmuirabc,https://www.instagram.com/davidmuirabc
117,@madelyncline,https://www.instagram.com/madelyncline
118,@dirtybootsandmessyhair,https://www.instagram.com/dirtybootsandmessyhair
119,@nataliabryant,https://www.instagram.com/nataliabryant
120,@sarafoster,https://www.instagram.com/sarafoster
121,@wwe,https://www.instagram.com/wwe
122,@lucyandyak,https://www.instagram.com/lucyandyak
123,@barsandmelody,https://www.instagram.com/barsandmelody
124,@diddy,https://www.instagram.com/diddy
125,@itsmarziapie,https://www.instagram.com/itsmarziapie
126,@pewdiepie,https://www.instagram.com/pewdiepie
127,@jenniferaniston,https://www.instagram.com/jenniferaniston
128,@tomdaley,https://www.instagram.com/tomdaley
129,@popstantot,https://www.instagram.com/popstantot
130,@kevinhart4real,https://www.instagram.com/kevinhart4real
131,@willowsmith,https://www.instagram.com/willowsmith
132,@jastookes,https://www.instagram.com/jastookes
133,@rebelwilson,https://www.instagram.com/rebelwilson
134,@oliveandjune,https://www.instagram.com/oliveandjune
135,@eugeneleeyang,https://www.instagram.com/eugeneleeyang
136,@crateandkids,https://www.instagram.com/crateandkids
137,@selenagomez,https://www.instagram.com/selenagomez
138,@clementstwins,https://www.instagram.com/clementstwins
139,@thegoodandthebeautiful,https://www.instagram.com/thegoodandthebeautiful
140,@puppetsandpuppets,https://www.instagram.com/puppetsandpuppets
141,@joeyking,https://www.instagram.com/joeyking
142,@wilbursoot,https://www.instagram.com/wilbursoot
143,@natashaparker,https://www.instagram.com/natashaparker
144,@tonesandi,https://www.instagram.com/tonesandi
145,@nikitoys_official,https://www.instagram.com/nikitoys_official
146,@fatjoe,https://www.instagram.com/fatjoe
147,@luigiandiango,https://www.instagram.com/luigiandiango
148,@jaredleto,https://www.instagram.com/jaredleto
149,@adele,https://www.instagram.com/adele
150,@pencilandpaperco,https://www.instagram.com/pencilandpaperco
151,@emmawatson,https://www.instagram.com/emmawatson
152,@needleandthreadlondon,https://www.instagram.com/needleandthreadlondon
153,@bobmenery,https://www.instagram.com/bobmenery
154,@stoneandstrand,https://www.instagram.com/stoneandstrand
155,@prideofgypsies,https://www.instagram.com/prideofgypsies
156,@jessicanigri,https://www.instagram.com/jessicanigri
157,@iamtabithabrown,https://www.instagram.com/iamtabithabrown
158,@barackobama,https://www.instagram.com/barackobama
159,@malutrevejo,https://www.instagram.com/malutrevejo
160,@ploo3o,https://www.instagram.com/ploo3o
161,@thegritandpolish,https://www.instagram.com/thegritandpolish
162,@bellapoarch,https://www.instagram.com/bellapoarch
163,@nmaahc,https://www.instagram.com/nmaahc
164,@theshaderoomteens,https://www.instagram.com/theshaderoomteens
165,@zacefron,https://www.instagram.com/zacefron
166,@karaandnate,https://www.instagram.com/karaandnate
167,@gordongram,https://www.instagram.com/gordongram
168,@ralphandrusso,https://www.instagram.com/ralphandrusso
169,@tankandthebangas,https://www.instagram.com/tankandthebangas
170,@mrsjoliepoirier,https://www.instagram.com/mrsjoliepoirier
171,@emmaroberts,https://www.instagram.com/emmaroberts
172,@kylefinndempsey,https://www.instagram.com/kylefinndempsey
173,@bobbyleelive,https://www.instagram.com/bobbyleelive
174,@theheadandtheheart,https://www.instagram.com/theheadandtheheart
175,@karliekloss,https://www.instagram.com/karliekloss
176,@mirandakerr,https://www.instagram.com/mirandakerr
177,@bellathorne,https://www.instagram.com/bellathorne
178,@sweatandtell,https://www.instagram.com/sweatandtell
179,@penelopecruzoficial,https://www.instagram.com/penelopecruzoficial
180,@stylebyand,https://www.instagram.com/stylebyand
181,@janieandjack,https://www.instagram.com/janieandjack
182,@nickchampa,https://www.instagram.com/nickchampa
183,@fameandpartners,https://www.instagram.com/fameandpartners
184,@clementstwins,https://www.instagram.com/clementstwins
185,@freemaofficial,https://www.instagram.com/freemaofficial
186,@barsandmelody,https://www.instagram.com/barsandmelody
187,@cynthiabailey,https://www.instagram.com/cynthiabailey
188,@twooodley,https://www.instagram.com/twooodley
189,@freemaofficial,https://www.instagram.com/freemaofficial
190,@disney,https://www.instagram.com/disney
191,@catelynnmtv,https://www.instagram.com/catelynnmtv
192,@josephineskriver,https://www.instagram.com/josephineskriver
193,@myfabolouslife,https://www.instagram.com/myfabolouslife
194,@hubman.chubgirl,https://www.instagram.com/hubman.chubgirl
195,@tylerandtodd,https://www.instagram.com/tylerandtodd
196,@itsbordie,https://www.instagram.com/itsbordie
197,@pieper_james,https://www.instagram.com/pieper_james
198,@pjandthomas,https://www.instagram.com/pjandthomas
199,@work.and.wonder,https://www.instagram.com/work.and.wonder
200,@bretmanrock,https://www.instagram.com/bretmanrock
201,@veteranas_and_rucas,https://www.instagram.com/veteranas_and_rucas
202,@blakelively,https://www.instagram.com/blakelively
203,@mapleandmortycorgi,https://www.instagram.com/mapleandmortycorgi
204,@skaijackson,https://www.instagram.com/skaijackson
205,@mariefeandjakesnow,https://www.instagram.com/mariefeandjakesnow
206,@metmuseum,https://www.instagram.com/metmuseum
207,@mashaandthebear,https://www.instagram.com/mashaandthebear
208,@markwahlberg,https://www.instagram.com/markwahlberg
209,@mylifeaseva,https://www.instagram.com/mylifeaseva
210,@youngwildandfriedman,https://www.instagram.com/youngwildandfriedman
211,@natalieportman,https://www.instagram.com/natalieportman
212,@lizgillz,https://www.instagram.com/lizgillz
213,@natalieportman,https://www.instagram.com/natalieportman
214,@lizgillz,https://www.instagram.com/lizgillz
215,@damonandjo,https://www.instagram.com/damonandjo
216,@seed.and.sew,https://www.instagram.com/seed.and.sew
217,@joytaylortalks,https://www.instagram.com/joytaylortalks
218,@jillandjordan,https://www.instagram.com/jillandjordan
219,@artistsandfleas,https://www.instagram.com/artistsandfleas
220,@igumdrop,https://www.instagram.com/igumdrop
221,@createcultivate,https://www.instagram.com/createcultivate
222,@laurenjauregui,https://www.instagram.com/laurenjauregui
223,@lovebeautyandplanet,https://www.instagram.com/lovebeautyandplanet
224,@csiriano,https://www.instagram.com/csiriano
225,@stephen.and.penelope,https://www.instagram.com/stephen.and.penelope
226,@teaandmilkny,https://www.instagram.com/teaandmilkny
227,@nikkisaintclaire,https://www.instagram.com/nikkisaintclaire
228,@graceandlaceco,https://www.instagram.com/graceandlaceco
229,@lisaandlena,https://www.instagram.com/lisaandlena
230,@theaarondominguez,https://www.instagram.com/theaarondominguez
231,@steveaoki,https://www.instagram.com/steveaoki
232,@lexibrookerivera,https://www.instagram.com/lexibrookerivera
233,@kylerichards18,https://www.instagram.com/kylerichards18
234,@penelopecruzoficial,https://www.instagram.com/penelopecruzoficial
235,@france.and.jesse,https://www.instagram.com/france.and.jesse
236,@wagsandwalks,https://www.instagram.com/wagsandwalks
237,@dustinpoirier,https://www.instagram.com/dustinpoirier
238,@brandiglanville,https://www.instagram.com/brandiglanville
239,@co_mill,https://www.instagram.com/co_mill
240,@nike,https://www.instagram.com/nike
241,@taliamar,https://www.instagram.com/taliamar
242,@fuslie,https://www.instagram.com/fuslie
243,@elsapatakyconfidential,https://www.instagram.com/elsapatakyconfidential
244,@hisandhermoney,https://www.instagram.com/hisandhermoney
245,@margoandme,https://www.instagram.com/margoandme
246,@tylerbaltierramtv,https://www.instagram.com/tylerbaltierramtv
247,@melina.goransson,https://www.instagram.com/melina.goransson
248,@madmuseum,https://www.instagram.com/madmuseum
249,@shakespeareandcoparis,https://www.instagram.com/shakespeareandcoparis
250,@chipandco,https://www.instagram.com/chipandco
251,@hasandpiker,https://www.instagram.com/hasandpiker
252,@plankandpillow,https://www.instagram.com/plankandpillow
253,@crateandbarrel,https://www.instagram.com/crateandbarrel
254,@andwander_official,https://www.instagram.com/andwander_official
255,@recycleandplay,https://www.instagram.com/recycleandplay
256,@cookingwithvetta,https://instagram.com/cookingwithvetta&sa
257,@scottskitchenandcatering,https://www.instagram.com/scottskitchenandcatering/%3Fhl%3Den&sa
258,@esha_organics,https://www.instagram.com/esha_organics
