,channel_name,channel_url
0,Marley Dockery,https://www.youtube.com/user/MrCornholelio
1,Oggy Hindi - हिन्दी,https://www.youtube.com/channel/UC9TgvYNUsMBPl6J2xbL-4qg
2,Quantum Tech HD,https://www.youtube.com/c/QuantumTech
3,PRANAV YT FF,https://www.youtube.com/channel/UCWxmHsZD62sHUQy-Jt1-IgQ
4,HouseMusicHD,https://www.youtube.com/c/FutureHouseHD
5,Inventor 101,https://www.youtube.com/c/Inventor101
6,What The Fukrey,https://www.youtube.com/c/WhatTheFukrey
7,Ujjwal,https://www.youtube.com/c/UjjwalGamer
8,Be YouNick,https://www.youtube.com/user/beyounick
9,Sony Music India,https://www.youtube.com/c/SonyMusicIndia
10,Arun Karthick,https://www.youtube.com/channel/UC_GYQT7DtaHaRbSeXyWBZyA
11,Elvish yadav,https://www.youtube.com/c/TheSocialFactory
12,Lahari Music | T-Series,https://www.youtube.com/c/laharimusic
13,Star Sports,https://www.youtube.com/c/starsports
14,ARE YOU HUNGRY,https://www.youtube.com/channel/UCbI1isiymwEX8M7asO222Fg
15,Half Engineer,https://www.youtube.com/c/HalfEngineer
16,Star Maa,https://www.youtube.com/c/StarMaaTV
17,Creative Thinks,https://www.youtube.com/c/CreativeThinks
18,Shanmukh Jaswanth,https://www.youtube.com/c/ShanmukhJaswanth
19,Royal Challengers Bangalore,https://www.youtube.com/user/RoyalChallengersTV
20,WB Kids Italiano,https://www.youtube.com/c/WBKidsItaliano
21,A2 {Amazing Facts},https://www.youtube.com/c/A2AmazingFacts-by-a2_sir
22,Taarak Mehta Ka Ooltah Chashmah,https://www.youtube.com/c/TaarakMehtaKaOoltahChashmah
23,Goldmines Telefilms,https://www.youtube.com/c/GoldminesTelefilms
24,BE NATURAL,https://www.youtube.com/c/BENATURALIndia
25,Czn Burak,https://www.youtube.com/c/CznBurak
26,FS United,https://www.youtube.com/c/FSUnited
27,Top Viral Talent,https://www.youtube.com/user/MusicTalentNow
28,RIGADA FF,https://www.youtube.com/channel/UClbAsQissZgqW1GSvTpVwyw
29,JoBlo Superheroes,https://www.youtube.com/c/JoBloSuperheroes
30,KH Survival,https://www.youtube.com/c/ProMengSeu
31,KHANDESHI MOVIES,https://www.youtube.com/c/KHANDESHIMOVIES
32,Sony Music India,https://www.youtube.com/c/SonyMusicIndia
33,Crazy XYZ,https://www.youtube.com/c/CrazyXYZ
34,Dolliyon,https://www.youtube.com/channel/UCU_WvJO0TLvtscL53Ifb1Dg
35,Waa Sop,https://www.youtube.com/c/Waasop
36,Classic Mr Bean,https://www.youtube.com/c/ClassicMrBean
37,Interesting Facts,https://www.youtube.com/c/InterestingFactsClub
38,Travel Thirsty,https://www.youtube.com/c/TravelThirstyBlog
39,FailArmy,https://www.youtube.com/c/FailArmyNation
40,MegaStar yt,https://www.youtube.com/channel/UCRvYlHSyM9shVhxXjOI9JnA
41,T-Series,https://www.youtube.com/aashiqui2
42,JaiPhone,https://www.youtube.com/c/JaiPhone
43,Blockbuster Movies,https://www.youtube.com/channel/UCW3VI9s3Dw8o1ekgjI3FCzw
44,HAR PAL GEO,https://www.youtube.com/c/HarPalGeoOfficial
45,Village Cooking Channel,https://www.youtube.com/c/VillageCookingChannel
46,ashish chanchlani vines,https://www.youtube.com/c/ashishchanchlanivines
47,Drama Clipz,https://www.youtube.com/channel/UCAYIanoVPSh6--mxab2eNQg
48,WildBrain Kids,https://www.youtube.com/c/WildBrainTV
49,Sourav Joshi Vlogs,https://www.youtube.com/channel/UCjvgGbPPn-FgYeguc5nxG4A
50,Netflix India,https://www.youtube.com/c/NetflixIndiaOfficial
51,MOTIVATIONAL STORIES,https://www.youtube.com/channel/UCBGq1gu2xDYnndc1r5ysd-Q
52,,
53,,
54,,
55,,
56,ONE Media,https://www.youtube.com/c/movietrailers-youtube
57,Engineering World,https://www.youtube.com/c/RahilbaigBlogspot
58,Sony SAB,https://www.youtube.com/c/sonysab
59,Royal Challengers Bangalore,https://www.youtube.com/user/RoyalChallengersTV
60,SriBalajiMovies,https://www.youtube.com/c/SriBalajiMovies
61,Ak Collection,https://www.youtube.com/channel/UCl48NMhDACuQnjqY6c_qHnw
62,Vlad and Niki,https://www.youtube.com/c/VladandNiki
63,5-Minute Recipes,https://www.youtube.com/c/5MinuteRecipesOfficial
64,Pyare Gamer,https://www.youtube.com/channel/UCpC84msUFwq0lbNrEkKzB9Q
65,FilterCopy,https://www.youtube.com/c/FilterCopy
66,Sourav Joshi Vlogs,https://www.youtube.com/channel/UCjvgGbPPn-FgYeguc5nxG4A
67,Wunderbar Studios,https://www.youtube.com/c/wunderbarstudios
68,Competition Wallah,https://www.youtube.com/channel/UCD16eo98AXl-9T61Xd711kQ
69,786 cuisine,https://www.youtube.com/c/786cuisine
70,OGGY,https://www.youtube.com/oggy
71,Ivan Rusakov,https://www.youtube.com/c/IvanRusakov
72,Sk Creation,https://www.youtube.com/channel/UCCoD0GcCFMWpFgSaRE6ZJng
73,OlaBMX,https://www.youtube.com/c/OlaSelsjord
74,Tacaz Gaming,https://www.youtube.com/c/Tacaz
75,Grizzy & les Lemmings,https://www.youtube.com/c/GrizzylesLemmings
76,Technology Gyan,https://www.youtube.com/c/TechnologyGyan
77,TopMovieClips,https://www.youtube.com/channel/UClVbhSLxwws-KSsPKz135bw
78,Bhakti Sagar AR Entertainments,https://www.youtube.com/c/BhaktiSagarARentertainments
79,ICC,https://www.youtube.com/c/ICC
80,Ideas en 5 minutos FAMILIA,https://www.youtube.com/c/Ideasen5minutosFAMILIA
81,The New Vibe,https://www.youtube.com/c/TheNewVibeYT
82,Mike Supercars TopSpeed,https://www.youtube.com/c/MikeSupercarsTopSpeed
83,Telugu Movie Studio,https://www.youtube.com/channel/UCwhc4Bcd4mpxz8Ry7HcGLfQ
84,ETTV 이티티비,https://www.youtube.com/channel/UCBU8GKSd4NY0wCdcalbaltw
85,Oggy Hindi - हिन्दी,https://www.youtube.com/channel/UC9TgvYNUsMBPl6J2xbL-4qg
86,Designs By IFR,https://www.youtube.com/c/DesignsByIFR
87,Classic Mr Bean,https://www.youtube.com/c/ClassicMrBean
88,Konangi Entertainments,https://www.youtube.com/c/KonangiEntertainments
89,Tata Group,https://www.youtube.com/user/TataCompanies
90,SonyMusicIndiaVEVO,https://www.youtube.com/user/sonymusicindiaVEVO
91,CUBASTIC,https://www.youtube.com/c/CUBASTIC
92,Apple,https://www.youtube.com/user/Apple
93,Sony PAL,https://www.youtube.com/user/sonypalindia
94,SET India,https://www.youtube.com/c/setindia
95,Tonde Gamer,https://www.youtube.com/c/TondeGamer
96,Cats Are the Best Pets,https://www.youtube.com/user/HoaiLink
97,ashish chanchlani vines,https://www.youtube.com/c/ashishchanchlanivines
98,Audio Lyrics,https://www.youtube.com/channel/UCciZfpt-ASgB2e6YzPXPabA
99,Morgan AD Saamy,https://www.youtube.com/channel/UCJHY4hGGGYa_MpXfhyZHB1A
100,5-Minute Crafts FAMILY,https://www.youtube.com/c/5MinuteCraftsFAMILY
101,The Q,https://www.youtube.com/channel/UCZdGJgHbmqQcVZaJCkqDRwg
102,Taarak Mehta Ka Ooltah Chashmah,https://www.youtube.com/c/TaarakMehtaKaOoltahChashmah
103,Zee Music Company,https://www.youtube.com/user/zeemusiccompany
104,GANGSTER CITY,https://www.youtube.com/c/GANGSTERCITY
105,Voot Kids,https://www.youtube.com/c/vootkids
106,FilterCopy,https://www.youtube.com/c/FilterCopy
107,SET India,https://www.youtube.com/c/setindia
108,Mr Wow,https://www.youtube.com/c/GearBoxDiy
109,Excel Movies,https://www.youtube.com/Don2
110,Gyan Gamingㅤ,https://www.youtube.com/c/GyanGaming
111,DM - Desi Melodies,https://www.youtube.com/c/DMDesiMelodies
112,BRIGHT SIDE,https://www.youtube.com/c/BRIGHTSIDEOFFICIAL
113,Oggy Hindi - हिन्दी,https://www.youtube.com/channel/UC9TgvYNUsMBPl6J2xbL-4qg
114,Goldmines Dishoom,https://www.youtube.com/c/GoldminesDishoom
115,Raghav Juyal Official ,https://www.youtube.com/channel/UCVWkGB-bRios-4AoC1HE9lA
116,Cinema Ki Duniya,https://www.youtube.com/channel/UCE3O4nBluf5ZEK_5Zc2_zEA
117,Village Cooking Channel,https://www.youtube.com/c/VillageCookingChannel
118,Sourav Joshi Vlogs,https://www.youtube.com/channel/UCjvgGbPPn-FgYeguc5nxG4A
119,Sony Music India,https://www.youtube.com/c/SonyMusicIndia
120,Marques Brownlee,https://www.youtube.com/c/mkbhd
121,Sony SAB,https://www.youtube.com/c/sonysab
122,T-Series,https://www.youtube.com/aashiqui2
123,SonyMusicIndiaVEVO,https://www.youtube.com/user/sonymusicindiaVEVO
124,Great Indian Comedy,https://www.youtube.com/channel/UC76Yc75RGWonijH02CIhPaw
125,Aditya Music,https://www.youtube.com/c/adityamusic
126,Marvel Entertainment,https://www.youtube.com/c/marvel
127,SET India,https://www.youtube.com/c/setindia
128,FilterCopy,https://www.youtube.com/c/FilterCopy
129,T-Series,https://www.youtube.com/aashiqui2
130,Sk Creation,https://www.youtube.com/channel/UCCoD0GcCFMWpFgSaRE6ZJng
131,WB Kids,https://www.youtube.com/c/wbkids
132,Sony SAB,https://www.youtube.com/c/sonysab
133,Goldmines Telefilms,https://www.youtube.com/c/GoldminesTelefilms
134,T-Series,https://www.youtube.com/aashiqui2
135,Sony Music India,https://www.youtube.com/c/SonyMusicIndia
136,The MriDul,https://www.youtube.com/c/TheMriDul
137,Angry Prash,https://www.youtube.com/c/AngryPrashReal
138,Sony SAB,https://www.youtube.com/c/sonysab
139,T-Series,https://www.youtube.com/aashiqui2
140,Netflix India,https://www.youtube.com/c/NetflixIndiaOfficial
141,Marvel Entertainment,https://www.youtube.com/c/marvel
142,SonyMusicIndiaVEVO,https://www.youtube.com/user/sonymusicindiaVEVO
143,Doremon,https://www.youtube.com/channel/UCEE72x4mB_YRgYCb4A9euLQ
144,Bollywood Movies,https://www.youtube.com/c/ActionMoviesHindi
145,Goldmines Telefilms,https://www.youtube.com/c/GoldminesTelefilms
146,Taarak Mehta Ka Ooltah Chashmah,https://www.youtube.com/c/TaarakMehtaKaOoltahChashmah
147,T-Series,https://www.youtube.com/aashiqui2
148,Sony SAB,https://www.youtube.com/c/sonysab
149,SonyMusicIndiaVEVO,https://www.youtube.com/user/sonymusicindiaVEVO
150,Oggy Hindi - हिन्दी,https://www.youtube.com/channel/UC9TgvYNUsMBPl6J2xbL-4qg
151,Bollywood Movies,https://www.youtube.com/c/ActionMoviesHindi
152,Taarak Mehta Ka Ooltah Chashmah,https://www.youtube.com/c/TaarakMehtaKaOoltahChashmah
153,Sony SAB,https://www.youtube.com/c/sonysab
154,Goldmines Telefilms,https://www.youtube.com/c/GoldminesTelefilms
155,Oggy Hindi - हिन्दी,https://www.youtube.com/channel/UC9TgvYNUsMBPl6J2xbL-4qg
156,RSY Records,https://www.youtube.com/channel/UC87GeMqLLIIP9D6-6kug11A
157,Pen Movies,https://www.youtube.com/c/PenMovies
158,Sony SAB,https://www.youtube.com/c/sonysab
159,Goldmines Telefilms,https://www.youtube.com/c/GoldminesTelefilms
160,RKD Multiplex,https://www.youtube.com/c/RKDMultiplex
161,Viswaraj Creations,https://www.youtube.com/c/ViswarajCreations
162,Blockbuster Movies,https://www.youtube.com/channel/UCW3VI9s3Dw8o1ekgjI3FCzw
163,Sony SAB,https://www.youtube.com/c/sonysab
164,Goldmines Telefilms,https://www.youtube.com/c/GoldminesTelefilms
165,South Cinema,https://www.youtube.com/channel/UCVUy_0wuITolFRaIPehcYsw
166,Ho lalala,https://www.youtube.com/channel/UCvWiwwvd2l5G5VJYL-crIxA
167,Trakin Tech,https://www.youtube.com/c/TrakinTech
168,The New Vibe,https://www.youtube.com/c/TheNewVibeYT
169,T-Series,https://www.youtube.com/aashiqui2
170,Sony SAB,https://www.youtube.com/c/sonysab
171,Music Zone,https://www.youtube.com/channel/UCK0Kn7UpNRFhw3GxjGbHYew
172,Darks Music Company,https://www.youtube.com/c/DarksMusicCompany
173,Beast Reacts,https://www.youtube.com/channel/UCUaT_39o1x6qWjz7K2pWcgw
174,SET India,https://www.youtube.com/c/setindia
175,esdemusica music boxes,https://www.youtube.com/user/esdemusica
176,MegaStar yt,https://www.youtube.com/channel/UCRvYlHSyM9shVhxXjOI9JnA
177,Bollywood Classics,https://www.youtube.com/c/tseriesoldisgold
178,Oggy Hindi - हिन्दी,https://www.youtube.com/channel/UC9TgvYNUsMBPl6J2xbL-4qg
179,Aditya Music,https://www.youtube.com/c/adityamusic
180,Sony Music India,https://www.youtube.com/c/SonyMusicIndia
181,Маша та Ведмідь,https://www.youtube.com/user/MashaBearUkraine
182,Captain Watch Hits,https://www.youtube.com/c/watchHitsHD
183,Sony Music India,https://www.youtube.com/c/SonyMusicIndia
184,ContentkaKeeda,https://www.youtube.com/c/ContentkaKeeda
185,Yohani,https://www.youtube.com/channel/UCh9qXeL8eP3Txra2908xksg
186,Amit Bhadana,https://www.youtube.com/c/AmitBhadana
187,Cinema Ki Duniya,https://www.youtube.com/channel/UCE3O4nBluf5ZEK_5Zc2_zEA
188,Shemaroo Comedy,https://www.youtube.com/c/shemaroobollywoodcomedy
189,BBC News,https://www.youtube.com/c/BBCNews
190,IOF - Hindi,https://www.youtube.com/channel/UCQ-DyEmlafaU5VVuRVnfsFw
191,Architectural Digest India,https://www.youtube.com/ArchDigestIndia
192,RS Talk zone,https://www.youtube.com/channel/UCdjhSvwpS2MGZpF5vZDTZQg
193,BIPLAB DAS VLOGS,https://www.youtube.com/channel/UCFJNLFXazCGjoDaAeHJiI2A
194,VYRLOriginals,https://www.youtube.com/c/VYRLOriginals
195,AD-WISE MEDIA ACTION MOVIEPLEX,https://www.youtube.com/c/ADMDMOVIES
196,Lyrics Unlimited,https://www.youtube.com/channel/UC6DFXlpdyxiHMQug3_8_piw
197,AIDC,https://www.youtube.com/c/allindiandjsclub
198,Editorcity Editorcity,https://www.youtube.com/channel/UCzoWp18EifkVJO9daEiXAOQ
199,Aftermorning,https://www.youtube.com/channel/UC161d5peWbVcHdkhLJltscg
200,Pradip 000,https://www.youtube.com/c/Pradip000
201,Drugs.com,https://www.youtube.com/c/drugscom
202,Be YouNick,https://www.youtube.com/user/beyounick
203,Di Ja,https://www.youtube.com/channel/UCS9Aq3gDXakFi5fKsdEuvlA
204,Bollywood Hits,https://www.youtube.com/channel/UCCuZbZ8IPWJDrQ4yKCb5gyw
205,First Line,https://www.youtube.com/channel/UC8hJZTG0XQIdzud1uFa4sKA
206,Goldmines Hindi,https://www.youtube.com/c/GoldminesHindiMovies
207,Goldmines Telefilms,https://www.youtube.com/c/GoldminesTelefilms
208,Netflix India,https://www.youtube.com/c/NetflixIndiaOfficial
209,Sony Music India,https://www.youtube.com/c/SonyMusicIndia
210,Physics Wallah - Alakh Pandey,https://www.youtube.com/c/PhysicsWallah
211,Techno Gamerz,https://www.youtube.com/c/TechnoGamerzOfficial
212,Zee Music Company,https://www.youtube.com/user/zeemusiccompany
213,John John Florence,https://www.youtube.com/c/JJF
214,StarPlus,https://www.youtube.com/user/starplus
215,Bollywood Movies,https://www.youtube.com/c/ActionMoviesHindi
216,Sur Action Movies,https://www.youtube.com/c/SurActionMovies
217,Suprabha KV,https://www.youtube.com/channel/UCgGZFO6ueoD1rSeuUlNgpuA
218,SonyMusicIndiaVEVO,https://www.youtube.com/user/sonymusicindiaVEVO
219,Ishpreet Dang,https://www.youtube.com/channel/UCjc5T6fXAI7nRvCRsQfkOtw
220,Live Insaan,https://www.youtube.com/c/LiveInsaan
221,Bollywood Latest Songs,https://www.youtube.com/channel/UC-E1JQSSrC9G7P6MtCMtbpQ
222,Shemaroo Bhakti,https://www.youtube.com/c/ShemarooBhakti
223,Warner Bros. Pictures,https://www.youtube.com/wbpictures
224,Hindi Romantic Songs,https://www.youtube.com/channel/UCbB2OesCr2zlYfr4ijv0zBQ
225,Mrwhosetheboss,https://www.youtube.com/c/Mrwhosetheboss
226,8K Eye,https://www.youtube.com/c/4KEye
227,Desi Music Factory,https://www.youtube.com/channel/UCLtNvbkqea8wN_kGtfgx_Mw
228,Superhit Music,https://www.youtube.com/channel/UCLeEvcZDJg1p682CeVeuccg
229,Daily Recitation TV HD,https://www.youtube.com/channel/UCzl54RQebnO4Ymfahi_eadQ
230,Sun TV,https://www.youtube.com/c/suntv
231,SET India,https://www.youtube.com/c/setindia
232,Be YouNick,https://www.youtube.com/user/beyounick
233,Mc addon,https://www.youtube.com/c/Mcaddon
234,Bollywood Latest Songs,https://www.youtube.com/channel/UC-E1JQSSrC9G7P6MtCMtbpQ
235,Bhakti Mantras India,https://www.youtube.com/c/BhaktiMantrasIndia
236,Zee Music Company,https://www.youtube.com/user/zeemusiccompany
237,LIV Crime,https://www.youtube.com/channel/UCzXpAx4v6rFLYXkJZ5nmSvQ
238,Be YouNick,https://www.youtube.com/user/beyounick
239,North Carolina School of Science and Mathematics,https://www.youtube.com/c/ncssm
240,Tune Lyrico हिन्दी,https://www.youtube.com/channel/UCbPo8-7iAAcbT3s1NCT3yIw
241,Competition Wallah,https://www.youtube.com/channel/UCD16eo98AXl-9T61Xd711kQ
242,North Carolina School of Science and Mathematics,https://www.youtube.com/c/ncssm
243,All Series,https://www.youtube.com/c/AllSeriesBhajan
244,Great Indian Comedy,https://www.youtube.com/channel/UC76Yc75RGWonijH02CIhPaw
245,Hindi Hits Songs,https://www.youtube.com/channel/UCQdLbc5X5rX26PwEh-gPPdg
246,Tauhid 1st,https://www.youtube.com/user/tauhid1st
247,Goldmines Telefilms,https://www.youtube.com/c/GoldminesTelefilms
248,Shemaroo Bhakti,https://www.youtube.com/c/ShemarooBhakti
249,Goldmines Telefilms,https://www.youtube.com/c/GoldminesTelefilms
250,Zee Music Company,https://www.youtube.com/user/zeemusiccompany
251,Pen Movies,https://www.youtube.com/c/PenMovies
252,Vlad and Niki,https://www.youtube.com/c/VladandNiki
253,Golden Sweets,https://www.youtube.com/channel/UCL649a_V2IiLhfHu0FvsQXQ
254,Action Ka Jamana,https://www.youtube.com/channel/UCXPWz15_nBxkzcgeaFnU38g
255,8D MUSiCAL 3.0,https://www.youtube.com/channel/UC-oN25xRTXT7Pmb7Av2ZqjA
256,Spiritual Bhajans,https://www.youtube.com/c/SpiritualBhajans
257,Geekyranjit,https://www.youtube.com/c/geekyranjit
258,Hindi Romantic Songs,https://www.youtube.com/channel/UCbB2OesCr2zlYfr4ijv0zBQ
259,Bollywood Latest Songs,https://www.youtube.com/channel/UC-E1JQSSrC9G7P6MtCMtbpQ
260,The Screen Patti,https://www.youtube.com/c/TheScreenPatti
261,Thrace Music,https://www.youtube.com/c/ThraceMusic
262,Hindi Hits Songs,https://www.youtube.com/user/TheMolotovman
263,Romantic Indian Songs,https://www.youtube.com/user/aTastyNasty
264,Oggy Hindi - हिन्दी,https://www.youtube.com/channel/UC9TgvYNUsMBPl6J2xbL-4qg
265,Sur Movies,https://www.youtube.com/c/SurMovies
266,RTS Musics,https://www.youtube.com/channel/UCAlXfsml2z9ajVX5Wf8CYYA
267,Bollygrad Studioz,https://www.youtube.com/c/BollygradStudioz
268,jhashvanth.s c subramanyam,https://www.youtube.com/channel/UCPEs7_qvlJZ_0X2ymfD6Etg
269,Hindi Love Song,https://www.youtube.com/channel/UCnvlW9-16NrjeUn4uV0U97g
270,Live Hanuman Bhajan Sonotek,https://www.youtube.com/channel/UC5zCR2OSUvo1g49rkAL8PoQ
271,Sandeep Maheshwari,https://www.youtube.com/c/SandeepSeminars
272,Shri Krishna Bhakti Geet,https://www.youtube.com/channel/UC0MRoMlktQ0OJmh3jubsz4g
273,Hindi Hits Songs,https://www.youtube.com/channel/UCQdLbc5X5rX26PwEh-gPPdg
274,Goldmines Hindi,https://www.youtube.com/c/GoldminesHindiMovies
275,Instagram reels #tik tok lovers,https://www.youtube.com/channel/UCp9jGFvpysDt6zz5sH4eeew
276,Live Mata Bhajan Sonotek,https://www.youtube.com/channel/UCL0cLclH8j_qGjQhnn_5skg
277,Srisai TV,https://www.youtube.com/channel/UCzpysFQW_oqYEcI9FsBSqrQ
278,Parv Mishra,https://www.youtube.com/c/ParvMishra
279,Heroine Movies 2021,https://www.youtube.com/channel/UCUA8F-8W2qHvmRj5Xd-F8CQ
280,Gyan Gamingㅤ,https://www.youtube.com/c/GyanGaming
281,Bharti Singh,https://www.youtube.com/channel/UCz2XLqfDeBoD61UeeaCE5SQ
282,Fluctus,https://www.youtube.com/channel/UC_Se32jLBjnOuftl1u3zfLw
283,Goldmines Telefilms,https://www.youtube.com/c/GoldminesTelefilms
284,Eric Davis,https://www.youtube.com/user/euroattachments10
285,Pablo Zarza,https://www.youtube.com/channel/UCIO0ywW9ydFzLMEovTU4PAQ
286,Desi Music Factory,https://www.youtube.com/channel/UCLtNvbkqea8wN_kGtfgx_Mw
287,Onespot Tech,https://www.youtube.com/c/OnespotTech
288,Anshu Bisht,https://www.youtube.com/c/AnshuBisht
289,Greenred Productions - Relaxing Music,https://www.youtube.com/c/GreenredProductions
290,Bollywood Romantic Hindi Songs,https://www.youtube.com/user/TheLittlepocky
291,Geeto ka pitara,https://www.youtube.com/channel/UCmYfMSk0hIA6N-Xi_NTk6zg
292,EDUMANTRA,https://www.youtube.com/channel/UCTql2Ej61edWLjphCf6nbzw
293,Total Gaming,https://www.youtube.com/c/TotalGaming093
294,Tilak,https://www.youtube.com/c/Tilak
295,LOL Network,https://www.youtube.com/c/KevinHartLaughOutLoud
296,Shri Krishna Bhakti Geet,https://www.youtube.com/channel/UC0MRoMlktQ0OJmh3jubsz4g
297,RDC Movie,https://www.youtube.com/c/RDCMoviez
298,Trimurti Bhakti HD,https://www.youtube.com/channel/UCe_FEz2vyPiAjDdhQ1QFDTA
299,Natural Recipes,https://www.youtube.com/c/NaturalRecipes-Videos
300,HAR PAL GEO,https://www.youtube.com/c/HarPalGeoOfficial
301,Onespot Tech,https://www.youtube.com/c/OnespotTech
302,T-Series Bhakti Sagar,https://www.youtube.com/user/tseriesbhakti
303,60 Minutes Australia,https://www.youtube.com/c/60Minutes9
304,Bollywood Latest Songs,https://www.youtube.com/channel/UC-E1JQSSrC9G7P6MtCMtbpQ
305,Happy Aujla,https://www.youtube.com/c/HappyAujla
306,Refinery29,https://www.youtube.com/c/refinery29
307,Magnet Brains,https://www.youtube.com/c/MagnetBrainsEducation
308,T-Series,https://www.youtube.com/aashiqui2
309,Zee Music Company,https://www.youtube.com/user/zeemusiccompany
310,Refinery29,https://www.youtube.com/c/refinery29
311,Bollywood Music Library,https://www.youtube.com/channel/UCbWKwl9dVrsNBjfAyErTvaA
312,UnGraduate Gamer,https://www.youtube.com/channel/UCgsWayzDGwj9CclwicO_R3w
313,Hindustan Times,https://www.youtube.com/c/htdotcom
314,YTN news,https://www.youtube.com/user/ytnnews24
315,Goldmines Telefilms,https://www.youtube.com/c/GoldminesTelefilms
316,The Slow Mo Guys,https://www.youtube.com/user/theslowmoguys
317,Phone Battles,https://www.youtube.com/c/PhoneBattles
318,Spiritual Mantra,https://www.youtube.com/c/spiritualmantra
319,Adda247,https://www.youtube.com/c/Adda247live
320,Trakin Tech,https://www.youtube.com/c/TrakinTech
321,HAR PAL GEO,https://www.youtube.com/c/HarPalGeoOfficial
322,BANGTANTV,https://www.youtube.com/channel/UCLkAepWjdylmXSltofFvsYQ
323,Uncut,https://www.youtube.com/c/abpuncut
324,Gupta Information Systems in हिंदी,https://www.youtube.com/channel/UCqOLFDSLrYKJUuSS0tQqvcw
325,The Slow Mo Guys,https://www.youtube.com/user/theslowmoguys
326,Band Jornalismo,https://www.youtube.com/c/bandjornalismo
327,Trakin Tech,https://www.youtube.com/c/TrakinTech
328,Gyan Gamingㅤ,https://www.youtube.com/c/GyanGaming
329,HAR PAL GEO,https://www.youtube.com/c/HarPalGeoOfficial
330,The Slow Mo Guys,https://www.youtube.com/user/theslowmoguys
331,The Slow Mo Guys,https://www.youtube.com/user/theslowmoguys
332,Kundan Gaming,https://www.youtube.com/c/KundanGaming
333,Video AloBacsi,https://www.youtube.com/channel/UCAgehYjUxNc7vHpf3F06mXQ
334,As/Is,https://www.youtube.com/c/AsIs
335,TVBS 優選頻道,https://www.youtube.com/c/TVBS%E5%84%AA%E9%81%B8%E9%A0%BB%E9%81%93
336,BBC News Hindi,https://www.youtube.com/c/BBCHindi
337,HAR PAL GEO,https://www.youtube.com/c/HarPalGeoOfficial
338,Romantic Music Box,https://www.youtube.com/user/migotka0608
339,NBC News,https://www.youtube.com/c/NBCNews
340,Republic Bharat,https://www.youtube.com/c/RepublicTVBharat
341,IndiaTV,https://www.youtube.com/c/IndiaTV
342,NDTV India,https://www.youtube.com/user/ndtvindia
